{
  "description": "CIE (2012) 2-deg XYZ CMFs transformed from the CIE (2006) 2-deg LMS cone fundamentals",
  "domain": [390, 830],
  "interval": 5,
  "samples": [
    [3.769647e-3, 4.146161e-4, 1.84726e-2],
    [9.382967e-3, 1.059646e-3, 4.609784e-2],
    [2.214302e-2, 2.452194e-3, 1.09609e-1],
    [4.742986e-2, 4.971717e-3, 2.369246e-1],
    [8.953803e-2, 9.07986e-3, 4.508369e-1],
    [1.446214e-1, 1.429377e-2, 7.378822e-1],
    [2.035729e-1, 2.027369e-2, 1.051821],
    [2.488523e-1, 2.612106e-2, 1.305008],
    [2.918246e-1, 3.319038e-2, 1.552826],
    [3.227087e-1, 4.15794e-2, 1.74828],
    [3.482554e-1, 5.033657e-2, 1.917479],
    [3.418483e-1, 5.743393e-2, 1.918437],
    [3.224637e-1, 6.472352e-2, 1.848545],
    [2.826646e-1, 7.238339e-2, 1.664439],
    [2.485254e-1, 8.514816e-2, 1.522157],
    [2.219781e-1, 1.060145e-1, 1.42844],
    [1.806905e-1, 1.298957e-1, 1.25061],
    [1.29192e-1, 1.535066e-1, 9.991789e-1],
    [8.182895e-2, 1.788048e-1, 7.552379e-1],
    [4.600865e-2, 2.064828e-1, 5.617313e-1],
    [2.083981e-2, 2.37916e-1, 4.099313e-1],
    [7.097731e-3, 2.85068e-1, 3.105939e-1],
    [2.461588e-3, 3.483536e-1, 2.376753e-1],
    [3.649178e-3, 4.277595e-1, 1.720018e-1],
    [1.556989e-2, 5.204972e-1, 1.176796e-1],
    [4.315171e-2, 6.206256e-1, 8.283548e-2],
    [7.962917e-2, 7.18089e-1, 5.650407e-2],
    [1.268468e-1, 7.946448e-1, 3.751912e-2],
    [1.818026e-1, 8.575799e-1, 2.438164e-2],
    [2.405015e-1, 9.071347e-1, 1.566174e-2],
    [3.098117e-1, 9.544675e-1, 9.84647e-3],
    [3.804244e-1, 9.814106e-1, 6.131421e-3],
    [4.494206e-1, 9.890228e-1, 3.790291e-3],
    [5.280233e-1, 9.994608e-1, 2.327186e-3],
    [6.133784e-1, 9.967737e-1, 1.432128e-3],
    [7.016774e-1, 9.902549e-1, 8.822531e-4],
    [7.96775e-1, 9.732611e-1, 5.452416e-4],
    [8.853376e-1, 9.424569e-1, 3.386739e-4],
    [9.638388e-1, 8.963613e-1, 2.117772e-4],
    [1.051011, 8.587203e-1, 1.335031e-4],
    [1.109767, 8.115868e-1, 8.494468e-5],
    [1.14362, 7.544785e-1, 5.460706e-5],
    [1.151033, 6.918553e-1, 3.549661e-5],
    [1.134757, 6.270066e-1, 2.334738e-5],
    [1.083928, 5.583746e-1, 1.554631e-5],
    [1.007344, 4.89595e-1, 1.048387e-5],
    [9.142877e-1, 4.229897e-1, 0.0],
    [8.135565e-1, 3.609245e-1, 0.0],
    [6.924717e-1, 2.980865e-1, 0.0],
    [5.75541e-1, 2.416902e-1, 0.0],
    [4.731224e-1, 1.943124e-1, 0.0],
    [3.844986e-1, 1.547397e-1, 0.0],
    [2.997374e-1, 1.19312e-1, 0.0],
    [2.277792e-1, 8.979594e-2, 0.0],
    [1.707914e-1, 6.671045e-2, 0.0],
    [1.263808e-1, 4.899699e-2, 0.0],
    [9.224597e-2, 3.559982e-2, 0.0],
    [6.63996e-2, 2.554223e-2, 0.0],
    [4.710606e-2, 1.807939e-2, 0.0],
    [3.292138e-2, 1.261573e-2, 0.0],
    [2.262306e-2, 8.661284e-3, 0.0],
    [1.575417e-2, 6.027677e-3, 0.0],
    [1.096778e-2, 4.195941e-3, 0.0],
    [7.60875e-3, 2.910864e-3, 0.0],
    [5.214608e-3, 1.995557e-3, 0.0],
    [3.569452e-3, 1.367022e-3, 0.0],
    [2.464821e-3, 9.447269e-4, 0.0],
    [1.703876e-3, 6.53705e-4, 0.0],
    [1.186238e-3, 4.55597e-4, 0.0],
    [8.269535e-4, 3.179738e-4, 0.0],
    [5.758303e-4, 2.217445e-4, 0.0],
    [4.058303e-4, 1.565566e-4, 0.0],
    [2.856577e-4, 1.103928e-4, 0.0],
    [2.021853e-4, 7.827442e-5, 0.0],
    [1.43827e-4, 5.578862e-5, 0.0],
    [1.024685e-4, 3.981884e-5, 0.0],
    [7.347551e-5, 2.860175e-5, 0.0],
    [5.25987e-5, 2.051259e-5, 0.0],
    [3.806114e-5, 1.487243e-5, 0.0],
    [2.758222e-5, 1.080001e-5, 0.0],
    [2.004122e-5, 7.86392e-6, 0.0],
    [1.458792e-5, 5.736935e-6, 0.0],
    [1.068141e-5, 4.211597e-6, 0.0],
    [7.857521e-6, 3.106561e-6, 0.0],
    [5.768284e-6, 2.286786e-6, 0.0],
    [4.259166e-6, 1.693147e-6, 0.0],
    [3.167765e-6, 1.262556e-6, 0.0],
    [2.358723e-6, 9.422514e-7, 0.0],
    [1.762465e-6, 7.05386e-7, 0.0]
  ]
}
