{
  "description": "CIE (2012) 10-deg XYZ CMFs transformed from the CIE (2006) 10-deg LMS cone fundamentals",
  "domain": [390, 830],
  "interval": 5,
  "samples": [
    [2.95242e-3, 4.076779e-4, 1.318752e-2],
    [7.641137e-3, 1.078166e-3, 3.424588e-2],
    [1.879338e-2, 2.589775e-3, 8.508254e-2],
    [4.204986e-2, 5.474207e-3, 1.927065e-1],
    [8.277331e-2, 1.041303e-2, 3.832822e-1],
    [1.395127e-1, 1.712968e-2, 6.568187e-1],
    [2.077647e-1, 2.576133e-2, 9.933444e-1],
    [2.688989e-1, 3.529554e-2, 1.308674],
    [3.281798e-1, 4.698226e-2, 1.62494],
    [3.693084e-1, 6.047429e-2, 1.867751],
    [4.026189e-1, 7.468288e-2, 2.075946],
    [4.042529e-1, 8.820537e-2, 2.132574],
    [3.932139e-1, 1.03903e-1, 2.128264],
    [3.482214e-1, 1.195389e-1, 1.946651],
    [3.013112e-1, 1.414586e-1, 1.76844],
    [2.534221e-1, 1.701373e-1, 1.582342],
    [1.914176e-1, 1.999859e-1, 1.310576],
    [1.283167e-1, 2.312426e-1, 1.010952],
    [7.59312e-2, 2.682271e-1, 7.516389e-1],
    [3.83677e-2, 3.109438e-1, 5.549619e-1],
    [1.400745e-2, 3.554018e-1, 3.978114e-1],
    [3.44681e-3, 4.148227e-1, 2.905816e-1],
    [5.652072e-3, 4.780482e-1, 2.078158e-1],
    [1.561956e-2, 5.491344e-1, 1.394643e-1],
    [3.778185e-2, 6.248296e-1, 8.852389e-2],
    [7.538941e-2, 7.012292e-1, 5.824484e-2],
    [1.201511e-1, 7.788199e-1, 3.784916e-2],
    [1.756832e-1, 8.376358e-1, 2.431375e-2],
    [2.380254e-1, 8.829552e-1, 1.539505e-2],
    [3.046991e-1, 9.233858e-1, 9.753e-3],
    [3.841856e-1, 9.665325e-1, 6.083223e-3],
    [4.633109e-1, 9.886887e-1, 3.769336e-3],
    [5.37417e-1, 9.9075e-1, 2.323578e-3],
    [6.230892e-1, 9.997775e-1, 1.426627e-3],
    [7.123849e-1, 9.944304e-1, 8.779264e-4],
    [8.016277e-1, 9.848127e-1, 5.408385e-4],
    [8.933408e-1, 9.640545e-1, 3.342429e-4],
    [9.721304e-1, 9.286495e-1, 2.076129e-4],
    [1.034327, 8.77536e-1, 1.29823e-4],
    [1.106886, 8.370838e-1, 8.183954e-5],
    [1.147304, 7.86995e-1, 5.207245e-5],
    [1.160477, 7.272309e-1, 3.347499e-5],
    [1.148163, 6.629035e-1, 2.175998e-5],
    [1.113846, 5.970375e-1, 1.431231e-5],
    [1.048485, 5.282296e-1, 9.53013e-6],
    [9.617111e-1, 4.601308e-1, 6.426776e-6],
    [8.629581e-1, 3.950755e-1, 0.0],
    [7.603498e-1, 3.351794e-1, 0.0],
    [6.413984e-1, 2.751807e-1, 0.0],
    [5.290979e-1, 2.219564e-1, 0.0],
    [4.323126e-1, 1.776882e-1, 0.0],
    [3.496358e-1, 1.410203e-1, 0.0],
    [2.7149e-1, 1.083996e-1, 0.0],
    [2.056507e-1, 8.137687e-2, 0.0],
    [1.538163e-1, 6.033976e-2, 0.0],
    [1.136072e-1, 4.425383e-2, 0.0],
    [8.28101e-2, 3.211852e-2, 0.0],
    [5.954815e-2, 2.302574e-2, 0.0],
    [4.221473e-2, 1.628841e-2, 0.0],
    [2.948752e-2, 1.136106e-2, 0.0],
    [2.02559e-2, 7.797457e-3, 0.0],
    [1.41023e-2, 5.425391e-3, 0.0],
    [9.816228e-3, 3.77614e-3, 0.0],
    [6.809147e-3, 2.619372e-3, 0.0],
    [4.666298e-3, 1.795595e-3, 0.0],
    [3.194041e-3, 1.22998e-3, 0.0],
    [2.205568e-3, 8.499903e-4, 0.0],
    [1.524672e-3, 5.881375e-4, 0.0],
    [1.061495e-3, 4.098928e-4, 0.0],
    [7.40012e-4, 2.860718e-4, 0.0],
    [5.153113e-4, 1.994949e-4, 0.0],
    [3.631969e-4, 1.408466e-4, 0.0],
    [2.556624e-4, 9.931439e-5, 0.0],
    [1.809649e-4, 7.041878e-5, 0.0],
    [1.287394e-4, 5.018934e-5, 0.0],
    [9.172477e-5, 3.582218e-5, 0.0],
    [6.577532e-5, 2.573083e-5, 0.0],
    [4.708916e-5, 1.845353e-5, 0.0],
    [3.407653e-5, 1.337946e-5, 0.0],
    [2.46963e-5, 9.715798e-6, 0.0],
    [1.794555e-5, 7.074424e-6, 0.0],
    [1.306345e-5, 5.160948e-6, 0.0],
    [9.565993e-6, 3.788729e-6, 0.0],
    [7.037621e-6, 2.794625e-6, 0.0],
    [5.166853e-6, 2.057152e-6, 0.0],
    [3.815429e-6, 1.523114e-6, 0.0],
    [2.83798e-6, 1.135758e-6, 0.0],
    [2.113325e-6, 8.476168e-7, 0.0],
    [1.579199e-6, 6.34538e-7, 0.0]
  ]
}
